comment_id,post_id,media_page,comment_text,true_category
682,341,Burkina24,Exactement.,normal
161,80,Radars Info Burkina,C'est compliqué,normal
89,28,Minute.bf,Que la paix revienne.,normal
1305,1581,Sidwaya,C'est compliqué,normal
52,146,Minute.bf,Source : un ami bien placé au gouvernement.,misinfo
926,212,Minute.bf,Ils mentent sur les chiffres.,misinfo
766,482,RTB,Que Dieu protège le Faso.,normal
84,1404,Minute.bf,Elle est où la vidéo complète ?,adult
887,953,Burkina24,C'est compliqué,normal
659,954,AIB,Que Dieu protège le Faso.,normal
668,14,Burkina24,On attend de voir la suite.,normal
388,732,Radars Info Burkina,Ils mentent sur les chiffres.,misinfo
877,120,Parlons de Tout,Le peuple souffre.,normal
916,276,Sidwaya,Félicitations,normal
626,112,Radars Info Burkina,Information bien reçue,normal
1341,385,Minute.bf,Fake news,misinfo
1240,1335,Parlons de Tout,On attend la suite,normal
1254,1270,AIB,Vraiment ? C'est une bonne nouvelle.,normal
1194,1847,Sidwaya,"N'écoutez pas, c'est pour vous faire peur.",misinfo
483,640,AIB,Félicitations à lui/elle.,normal
518,1191,Radars Info Burkina,On veut la paix.,normal
64,1725,Libre Info,Merci beaucoup pour l'information.,normal
1119,1340,Burkina24,Force et courage.,normal
918,759,Radars Info Burkina,Ils ne sont pas de vrais Burkinabè.,hateful
833,1245,Minute.bf,On suit la situation de près.,normal
1439,1259,Libre Info,Enfin une bonne nouvelle !,normal
818,466,Radars Info Burkina,Rien à ajouter.,normal
872,177,Radars Info Burkina,Que Dieu protège le Faso.,normal
384,1017,Parlons de Tout,Exactement.,normal
750,615,Radars Info Burkina,Félicitations,normal
250,1900,AIB,On suit la situation de près.,normal
1129,97,Minute.bf,On veut la paix.,normal
289,629,AIB,Merci beaucoup pour l'information.,normal
1396,1884,Libre Info,On prie pour le pays.,normal
466,1994,Parlons de Tout,Journaliste corrompu,toxic
857,1522,Radars Info Burkina,"Je ne savais pas, merci.",normal
647,1239,RTB,Prompt rétablissement au blessé.,normal
48,1450,Minute.bf,On espère que ça va aller,normal
246,479,AIB,On veut la paix.,normal
503,1112,Minute.bf,Exactement.,normal
1081,1675,AIB,Merci pour le partage,normal
318,1469,Minute.bf,Merci pour cet éclaircissement.,normal
412,1525,BF1 TV,Intéressant.,normal
295,1846,Radars Info Burkina,Il faut prier,normal
431,603,Burkina24,On est fatigué.,normal
563,617,AIB,On suit la situation de près.,normal
273,451,Radars Info Burkina,Source ?,normal
553,1366,BF1 TV,Merci pour le partage,normal
1021,6,Radars Info Burkina,Quelle est cette façon de s'habiller ?,adult
970,1738,Burkina24,C'est noté,normal
748,1337,Burkina24,Prompt rétablissement au blessé.,normal
889,953,Burkina24,Merci pour l'info,normal
231,771,AIB,Que la paix revienne.,normal
688,76,BF1 TV,Regarde ses fesses,adult
1286,347,Minute.bf,On espère que ça va aller,normal
255,8,Parlons de Tout,Elle n'a pas froid aux yeux.,adult
949,571,Parlons de Tout,Bien dit,normal
1440,1650,Minute.bf,Force à nos FDS,normal
913,276,Sidwaya,Elle n'a pas froid aux yeux.,adult
1308,1031,Sidwaya,C'est exactement ça le problème.,normal
756,584,Minute.bf,"Méfiez-vous des [groupe], ce sont des serpents.",hateful
1502,96,AIB,Du courage à nos FDS.,normal
1147,454,Libre Info,Force et courage.,normal
352,1531,Parlons de Tout,OK merci,normal
693,54,AIB,Il faut les tuer,hateful
510,699,Libre Info,Merci pour l'info,normal
612,813,Parlons de Tout,Merci pour le partage,normal
188,1995,Radars Info Burkina,Que Dieu protège le Faso.,normal
362,682,AIB,Que Dieu bénisse le Burkina Faso,normal
1293,106,Minute.bf,Bravo pour votre travail.,normal
61,1241,Sidwaya,On ne veut plus de ces gens-là.,hateful
931,1586,RTB,Merci pour le partage,normal
554,367,Parlons de Tout,Triste nouvelle,normal
814,1444,Libre Info,Que Dieu nous aide,normal
952,571,Parlons de Tout,Source ?,normal
963,899,Burkina24,Bonne nouvelle,normal
1175,161,Minute.bf,Bonne nouvelle,normal
1471,833,BF1 TV,"Merci, force à vous",normal
128,1986,Radars Info Burkina,On est fatigué.,normal
271,52,Burkina24,Merci pour l'effort d'information,normal
493,834,BF1 TV,C'est noté,normal
433,603,Burkina24,Félicitations,normal
1196,1847,Sidwaya,On est fatigué.,normal
816,1444,Libre Info,C'est exactement ça le problème.,normal
209,475,BF1 TV,Information bien reçue,normal
951,571,Parlons de Tout,C'est noté,normal
557,367,Parlons de Tout,Je suis de tout cœur avec vous.,normal
392,1439,RTB,Intéressant.,normal
398,1770,Minute.bf,Vraiment ?,normal
993,1000,RTB,Je suis d'accord.,normal
939,1082,Sidwaya,"Méfiez-vous des [groupe], ce sont des serpents.",hateful
1452,1954,Minute.bf,Triste nouvelle,normal
44,912,Libre Info,Force à nos FDS,normal
1233,1895,AIB,J'aimerais être à la place du gars.,adult
498,1486,RTB,J'aimerais être à la place du gars.,adult
1316,1545,Minute.bf,Que Dieu protège le Faso.,normal
344,66,Minute.bf,Dieu est grand.,normal
359,75,Minute.bf,Source ?,normal
958,552,AIB,Information bien reçue,normal
423,389,Minute.bf,Il faut les chasser du pays.,hateful
908,869,BF1 TV,Enfin une bonne nouvelle !,normal
1078,365,AIB,La terre est plate,misinfo
1298,1909,Radars Info Burkina,Bravo pour votre travail.,normal
525,944,Sidwaya,Que Dieu nous aide,normal
959,552,AIB,Source ?,normal
880,1437,Libre Info,C'est la vérité,normal
240,1781,Burkina24,Il faut prier,normal
41,912,Libre Info,Imbécile,toxic
1031,1287,Libre Info,On prie pour le pays.,normal
927,212,Minute.bf,On prie pour le pays.,normal
1338,385,Minute.bf,Très bonne analyse.,normal
167,1521,Burkina24,Bien dit,normal
256,8,Parlons de Tout,C'est excitant,adult
543,1507,Minute.bf,Que la paix revienne.,normal
1376,643,Radars Info Burkina,On veut la paix.,normal
763,519,Parlons de Tout,Arrêtez vos bêtises.,toxic
613,691,Burkina24,Bonne nouvelle,normal
685,404,Burkina24,Information reçue 5/5.,normal
584,1604,RTB,Merci pour l'effort d'information,normal
1401,40,Burkina24,Intéressant.,normal
1180,1807,Libre Info,On s'en fout de votre avis.,toxic
891,1945,BF1 TV,"Elle provoque, c'est tout.",adult
812,1688,Radars Info Burkina,"Eux tous, il faut les dégager.",hateful
652,804,AIB,Prompt rétablissement au blessé.,normal
1197,286,Minute.bf,Que la paix revienne.,normal
1374,1084,RTB,C'est noté,normal
310,1687,Radars Info Burkina,Merci pour l'info,normal
71,301,RTB,Que Dieu protège le Faso.,normal
54,146,Minute.bf,Force et courage.,normal
745,248,Sidwaya,Vraiment ?,normal
787,1617,Parlons de Tout,C'est excitant,adult
176,855,BF1 TV,Que Dieu nous aide,normal
328,1373,RTB,Triste nouvelle,normal
1191,1753,Minute.bf,Rien à ajouter.,normal
239,1781,Burkina24,La vidéo est un deepfake.,misinfo
700,1653,Libre Info,Ce journaliste est un plaisantin.,toxic
1361,816,Burkina24,Merci pour l'effort d'information,normal
989,12,Parlons de Tout,Important à savoir,normal
735,1515,Libre Info,Important à savoir,normal
799,536,Radars Info Burkina,Il faut que les gens comprennent.,normal
59,1081,RTB,Qu'ils partent !,hateful
147,1330,Sidwaya,Je suis de tout cœur avec vous.,normal
656,1553,Minute.bf,Retournez chez vous,hateful
950,571,Parlons de Tout,C'est la vérité,normal
1236,1895,AIB,"Ouvrez les yeux, on vous manipule.",misinfo
1077,365,AIB,Vraiment ? C'est une bonne nouvelle.,normal
1102,477,BF1 TV,Du courage à nos FDS.,normal
1043,565,Minute.bf,Paix au Burkina Faso,normal
189,1995,Radars Info Burkina,Prompt rétablissement,normal
212,1790,AIB,Bonne nouvelle,normal
895,1541,BF1 TV,Félicitations à lui/elle.,normal
127,234,BF1 TV,N'importe quoi ! Vous mentez !,toxic
300,176,Libre Info,Je suis d'accord.,normal
1476,458,AIB,Il faut que les gens comprennent.,normal
1322,1045,AIB,Du courage à nos FDS.,normal
897,1541,BF1 TV,Du courage,normal
337,340,Minute.bf,OK merci,normal
1362,816,Burkina24,Bonne nouvelle,normal
804,1571,AIB,Bravo pour votre travail.,normal
200,1143,Parlons de Tout,Elle cherche quoi habillée comme ça,adult
285,1530,Parlons de Tout,Force et courage.,normal
1291,106,Minute.bf,Envoie ton 06 [numéro].,adult
1365,1607,RTB,Vraiment ?,normal
631,1727,Radars Info Burkina,Prompt rétablissement au blessé.,normal
82,1706,Minute.bf,Important à savoir,normal
419,313,Radars Info Burkina,C'est noté,normal
546,91,Radars Info Burkina,Merci pour cet éclaircissement.,normal
597,746,Libre Info,Vraiment ? C'est une bonne nouvelle.,normal
208,178,Minute.bf,Regarde ses fesses,adult
618,230,BF1 TV,Que Dieu protège le Faso.,normal
19,1575,Burkina24,Félicitations à lui/elle.,normal
317,1871,RTB,On attend de voir la suite.,normal
241,1129,AIB,C'est compliqué,normal
788,703,Libre Info,Trop sexy,adult
379,1181,Libre Info,On prie pour le pays.,normal
1114,1537,Sidwaya,Vraiment triste,normal
1321,1045,AIB,Merci beaucoup pour l'information.,normal
290,629,AIB,Merci pour l'info,normal
351,1105,AIB,C'est la vérité,normal
1488,1837,Libre Info,Nous suivons de près,normal
78,1427,Burkina24,Prompt rétablissement,normal
573,1728,Libre Info,Ils préparent quelque chose de grave.,misinfo
843,414,Radars Info Burkina,Très bonne analyse.,normal
262,1664,Sidwaya,OK merci,normal
1125,861,Minute.bf,La vidéo est un deepfake.,misinfo
343,66,Minute.bf,Je suis d'accord.,normal
737,1515,Libre Info,On attend de voir la suite.,normal
660,954,AIB,Il faut que les gens comprennent.,normal
1450,1621,BF1 TV,C'est exactement ça le problème.,normal
1386,1858,Sidwaya,C'est exactement ça le problème.,normal
1304,1581,Sidwaya,Le peuple souffre.,normal
94,1465,Parlons de Tout,On attend de voir la suite.,normal
1106,996,Minute.bf,J'aimerais être à la place du gars.,adult
1306,1581,Sidwaya,Merci beaucoup pour l'information.,normal
1216,514,Minute.bf,Prompt rétablissement au blessé.,normal
930,1586,RTB,Paix à son âme,normal
997,1099,Libre Info,Merci pour l'effort d'information,normal
592,885,Radars Info Burkina,Nous suivons de près,normal
1044,786,Parlons de Tout,Il faut que les gens comprennent.,normal
425,1979,RTB,Intéressant.,normal
14,1647,AIB,Quel pays de merde,toxic
699,1653,Libre Info,Du courage à nos FDS.,normal
1018,6,Radars Info Burkina,"Ouvrez les yeux, c'est un complot.",misinfo
232,771,AIB,Fake news,misinfo
770,448,Radars Info Burkina,OK merci,normal
1113,1537,Sidwaya,Merci beaucoup pour l'information.,normal
1244,274,Parlons de Tout,Bonne continuation,normal
1359,1529,BF1 TV,Bonne nouvelle,normal
228,1853,Minute.bf,Prompt rétablissement,normal
38,1772,Parlons de Tout,Bonne continuation,normal
1381,1740,Libre Info,On est fatigué.,normal
834,1245,Minute.bf,"Merci, force à vous",normal
242,479,AIB,OK merci,normal
789,703,Libre Info,Source ?,normal
1294,349,RTB,Je suis d'accord.,normal
1060,1188,Minute.bf,Prompt rétablissement au blessé.,normal
1127,861,Minute.bf,Propagande occidentale,misinfo
526,239,Parlons de Tout,Rien à ajouter.,normal
441,1345,Burkina24,Elle est où la vidéo complète ?,adult
1223,1885,Radars Info Burkina,On est fatigué.,normal
1006,1423,Minute.bf,Merci pour l'effort d'information,normal
138,1809,Minute.bf,Il faut que les gens comprennent.,normal
903,1472,Libre Info,C'est un idiot,toxic
1504,116,Burkina24,Envoie la vidéo stp,adult
1226,416,Burkina24,"Merci, force à vous",normal
1020,6,Radars Info Burkina,Merci pour l'info,normal
1458,1032,AIB,On suit la situation de près.,normal
166,1521,Burkina24,C'est la vérité,normal
296,204,Burkina24,Merci pour l'effort d'information,normal
218,379,Minute.bf,Je suis de tout cœur avec vous.,normal
389,732,Radars Info Burkina,On est fatigué.,normal
70,1561,Sidwaya,Information reçue 5/5.,normal
871,441,RTB,On ne veut pas de ces [insulte].,hateful
465,1994,Parlons de Tout,Arrêtez d'intoxiquer le peuple,misinfo
155,1207,RTB,C'est exactement ça le problème.,normal
775,1046,Libre Info,Nous suivons de près,normal
415,1566,AIB,Bonne continuation,normal
33,916,Minute.bf,Le peuple souffre.,normal
207,1595,BF1 TV,Source ?,normal
172,855,BF1 TV,On attend de voir la suite.,normal
515,1710,Burkina24,"Merci, force à vous",normal
340,892,RTB,Important à savoir,normal
1117,1340,Burkina24,Propagande occidentale,misinfo
439,1345,Burkina24,Que Dieu nous aide,normal
473,533,Sidwaya,On doit les chasser,hateful
1165,279,RTB,Que Dieu bénisse le Burkina Faso,normal
10,508,Radars Info Burkina,C'est une triste réalité.,normal
1215,514,Minute.bf,On en a marre de vos mensonges,toxic
230,771,AIB,Merci beaucoup pour l'information.,normal
1317,1545,Minute.bf,Que Dieu nous aide,normal
1173,1467,AIB,Force et courage.,normal
266,1911,Radars Info Burkina,Exactement.,normal
214,1790,AIB,Journaliste de pacotille.,toxic
1278,1632,Sidwaya,Exactement.,normal
800,536,Radars Info Burkina,Tout est orchestré par [pays].,misinfo
943,704,BF1 TV,C'est noté,normal
1126,861,Minute.bf,C'est la vie.,normal
348,1246,Burkina24,C'est un montage,misinfo
1120,1019,Parlons de Tout,Intéressant.,normal
76,1007,Sidwaya,On est fatigué.,normal
1232,1895,AIB,Gouvernement de merde,toxic
786,1617,Parlons de Tout,Il faut que les gens comprennent.,normal
1430,1716,Minute.bf,Merci pour l'effort d'information,normal
1022,638,RTB,Nous suivons de près,normal
1183,791,Parlons de Tout,On veut la paix.,normal
223,1963,Libre Info,Bonne continuation,normal
1303,1581,Sidwaya,C'est clair.,normal
1467,1065,Parlons de Tout,Information reçue 5/5.,normal
605,181,AIB,On veut la paix.,normal
662,688,Parlons de Tout,"N'écoutez pas, c'est pour vous faire peur.",misinfo
445,72,RTB,Du courage,normal
1149,390,Libre Info,"Merci, force à vous",normal
1257,1695,Radars Info Burkina,Propagande occidentale,misinfo
1017,1291,Sidwaya,Que Dieu bénisse le Burkina Faso,normal
565,376,Parlons de Tout,Information reçue 5/5.,normal
768,1655,Sidwaya,Merci beaucoup pour l'information.,normal
657,1553,Minute.bf,"Eux tous, il faut les dégager.",hateful
1079,365,AIB,Bravo pour votre travail.,normal
759,1411,RTB,Important à savoir,normal
1507,116,Burkina24,Merci pour l'effort d'information,normal
1101,1735,Burkina24,Information bien reçue,normal
627,1936,Minute.bf,On veut la paix.,normal
1011,1803,BF1 TV,Enfin une bonne nouvelle !,normal
322,163,Minute.bf,Que la paix revienne.,normal
572,1728,Libre Info,On veut la paix.,normal
440,1345,Burkina24,Intéressant.,normal
601,1679,Radars Info Burkina,Merci pour l'info,normal
410,1525,BF1 TV,On est fatigué.,normal
1465,351,BF1 TV,Je suis d'accord.,normal
1379,643,Radars Info Burkina,Bravo pour votre travail.,normal
558,1224,BF1 TV,Merci pour cet éclaircissement.,normal
575,436,Libre Info,Important à savoir,normal
142,1894,Burkina24,On attend la suite,normal
935,1082,Sidwaya,Paix à son âme,normal
946,889,Sidwaya,C'est la vie.,normal
972,1009,AIB,Merci pour le partage,normal
873,177,Radars Info Burkina,Paix au Burkina Faso,normal
332,920,Minute.bf,Merci pour cet éclaircissement.,normal
1505,116,Burkina24,Quelle belle [partie du corps],adult
1334,1460,Minute.bf,Force à nos FDS,normal
850,948,Minute.bf,Bonne continuation,normal
677,927,Libre Info,On attend la suite,normal
1444,969,Minute.bf,Il faut les tuer,hateful
513,1710,Burkina24,Il faut que les gens comprennent.,normal
1491,1643,Minute.bf,C'est de la merde.,toxic
437,1345,Burkina24,Qu'ils partent !,hateful
1391,761,Minute.bf,Punition pour eux,hateful
1179,1807,Libre Info,OK merci,normal
386,732,Radars Info Burkina,Bien dit,normal
761,9,Minute.bf,On est fatigué.,normal
1463,351,BF1 TV,Prompt rétablissement,normal
1472,859,RTB,Prompt rétablissement au blessé.,normal
810,1688,Radars Info Burkina,Triste nouvelle,normal
617,1751,Parlons de Tout,"Je ne savais pas, merci.",normal
742,659,Radars Info Burkina,C'est exactement ça le problème.,normal
1373,1692,AIB,Bonne nouvelle,normal
826,1396,Sidwaya,Les [groupe] dehors,hateful
383,1017,Parlons de Tout,Vidéos X ?,adult
1335,776,Sidwaya,"Très belle femme, je la veux.",adult
1247,1896,Sidwaya,Force à nos FDS,normal
63,1725,Libre Info,On espère que ça va aller,normal
1332,1289,Parlons de Tout,Information reçue 5/5.,normal
257,8,Parlons de Tout,Le peuple souffre.,normal
403,1426,Parlons de Tout,Vraiment ? C'est une bonne nouvelle.,normal
746,248,Sidwaya,On est fatigué.,normal
1080,1675,AIB,"Je ne savais pas, merci.",normal
664,688,Parlons de Tout,Merci pour la précision.,normal
599,375,Sidwaya,Bravo pour votre travail.,normal
671,37,BF1 TV,Il faut que les gens comprennent.,normal
107,806,RTB,C'est la vie.,normal
960,552,AIB,Propagande occidentale,misinfo
363,1260,Radars Info Burkina,Paix à son âme,normal
848,471,Minute.bf,Vraiment triste,normal
530,1447,AIB,Que la paix revienne.,normal
1489,887,Radars Info Burkina,Elle n'a pas froid aux yeux.,adult
5,1844,RTB,Information reçue 5/5.,normal
1445,969,Minute.bf,Vraiment ? C'est une bonne nouvelle.,normal
1190,1753,Minute.bf,Fake news,misinfo
782,1660,Burkina24,Que Dieu bénisse le Burkina Faso,normal
1497,331,Radars Info Burkina,C'est noté,normal
364,1260,Radars Info Burkina,On espère que ça va aller,normal
104,1636,RTB,Nous suivons de près,normal
824,1396,Sidwaya,Enfin une bonne nouvelle !,normal
243,479,AIB,Merci beaucoup pour l'information.,normal
429,926,Radars Info Burkina,Rien à ajouter.,normal
86,1404,Minute.bf,Vraiment ? C'est une bonne nouvelle.,normal
372,1482,BF1 TV,Dieu est grand.,normal
406,1937,BF1 TV,Nous suivons de près,normal
238,1781,Burkina24,Merci beaucoup pour l'information.,normal
893,1945,BF1 TV,Analyse très pertinente.,normal
152,118,Parlons de Tout,C'est l'Occident qui est derrière tout ça,misinfo
269,52,Burkina24,C'est la vérité,normal
1186,554,Minute.bf,Le peuple souffre.,normal
1176,161,Minute.bf,N'importe quoi ! Vous mentez !,toxic
501,1486,RTB,On s'en fout de votre avis.,toxic
116,444,AIB,Je suis de tout cœur avec vous.,normal
598,876,Minute.bf,Mort à ces gens,hateful
105,94,Minute.bf,Du courage à nos FDS.,normal
1034,245,Libre Info,Exactement.,normal
953,571,Parlons de Tout,Vraiment triste,normal
1069,133,Burkina24,Information reçue 5/5.,normal
122,164,Parlons de Tout,Vraiment ?,normal
1324,1092,Parlons de Tout,Que Dieu protège le Faso.,normal
177,1746,Minute.bf,Exactement.,normal
467,1546,Minute.bf,On prie pour le pays.,normal
791,703,Libre Info,Il faut prier,normal
774,1046,Libre Info,Bande d'incompétents.,toxic
925,70,Radars Info Burkina,Vraiment ?,normal
964,820,Libre Info,Information reçue 5/5.,normal
287,629,AIB,C'est la vérité,normal
1075,156,Parlons de Tout,Ils méritent ce qui leur arrive.,hateful
701,1653,Libre Info,Merci pour cet éclaircissement.,normal
1400,280,AIB,Pas de pitié pour les [groupe].,hateful
921,759,Radars Info Burkina,Bien dit,normal
43,912,Libre Info,Félicitations à lui/elle.,normal
1469,329,Minute.bf,Enfin une bonne nouvelle !,normal
75,1141,Radars Info Burkina,"Je ne savais pas, merci.",normal
635,1812,Libre Info,Fermez la bouche,toxic
637,1910,Radars Info Burkina,On en a marre de vos mensonges,toxic
286,1513,Radars Info Burkina,Haine à ce groupe,hateful
320,163,Minute.bf,Qu'ils retournent d'où ils viennent.,hateful
975,1009,AIB,J'aimerais être à la place du gars.,adult
593,922,Minute.bf,Enfin une bonne nouvelle !,normal
751,615,Radars Info Burkina,Merci pour le partage,normal
210,475,BF1 TV,Enfin une bonne nouvelle !,normal
629,1727,Radars Info Burkina,Vraiment ? C'est une bonne nouvelle.,normal
747,1851,Sidwaya,On est fatigué.,normal
945,39,Burkina24,Très bonne analyse.,normal
1118,1340,Burkina24,On suit la situation de près.,normal
225,1853,Minute.bf,Je veux son numéro,adult
159,80,Radars Info Burkina,Merci pour la précision.,normal
853,637,AIB,Vraiment triste,normal
881,1437,Libre Info,Bonne nouvelle,normal
444,72,RTB,Prompt rétablissement au blessé.,normal
146,865,RTB,On attend la suite,normal
765,482,RTB,Il faut que les gens comprennent.,normal
868,678,Libre Info,C'est noté,normal
357,1321,RTB,C'est la vérité,normal
1038,231,Libre Info,Arrêtez vos bêtises.,toxic
92,1465,Parlons de Tout,Vraiment ? C'est une bonne nouvelle.,normal
1343,187,Parlons de Tout,Intéressant.,normal
130,1986,Radars Info Burkina,Le peuple souffre.,normal
1427,534,Minute.bf,Bien dit,normal
567,376,Parlons de Tout,Quelle est cette façon de s'habiller ?,adult
1158,1312,AIB,Du courage,normal
614,1751,Parlons de Tout,OK merci,normal
1231,1673,Minute.bf,Qu'ils retournent d'où ils viennent.,hateful
552,1068,Sidwaya,Le vaccin tue les gens,misinfo
118,444,AIB,Dieu est grand.,normal
1123,1019,Parlons de Tout,Merci beaucoup pour l'information.,normal
1464,351,BF1 TV,"Ce n'est pas un vaccin, c'est du poison.",misinfo
4,1844,RTB,Punition pour eux,hateful
1110,1118,Burkina24,Triste nouvelle,normal
157,1207,RTB,Paix au Burkina Faso,normal
568,376,Parlons de Tout,Source ?,normal
201,1143,Parlons de Tout,On prie pour le pays.,normal
405,1937,BF1 TV,Merci pour l'info,normal
353,1531,Parlons de Tout,Important à savoir,normal
1252,1270,AIB,Dieu est grand.,normal
1182,791,Parlons de Tout,Félicitations,normal
917,276,Sidwaya,Arrêtez de nous distraire,toxic
1144,583,RTB,Enfin une bonne nouvelle !,normal
1039,231,Libre Info,Enfin une bonne nouvelle !,normal
117,444,AIB,Nous suivons de près,normal
1390,761,Minute.bf,On prie pour le pays.,normal
457,275,Minute.bf,"Eux tous, il faut les dégager.",hateful
96,1465,Parlons de Tout,On attend de voir la suite.,normal
222,1963,Libre Info,Intéressant.,normal
481,1088,RTB,C'est à cause de [ethnie] tout ça,hateful
26,1209,Burkina24,Mon oncle a dit que c'est faux,misinfo
1354,888,AIB,Nous suivons de près,normal
367,374,Burkina24,Bien dit,normal
1068,133,Burkina24,Analyse très pertinente.,normal
81,1103,Sidwaya,Merci pour l'info,normal
767,482,RTB,Montre plus !,adult
315,1517,Minute.bf,Intéressant.,normal
1346,187,Parlons de Tout,Il faut prier,normal
265,1911,Radars Info Burkina,Bonne continuation,normal
1292,106,Minute.bf,Information reçue 5/5.,normal
1287,347,Minute.bf,Triste nouvelle,normal
1419,624,Radars Info Burkina,Prompt rétablissement,normal
1124,861,Minute.bf,Je suis d'accord.,normal
892,1945,BF1 TV,On attend la suite,normal
1091,1229,BF1 TV,Merci beaucoup pour l'information.,normal
650,126,Sidwaya,Nous suivons de près,normal
1122,1019,Parlons de Tout,Enfin une bonne nouvelle !,normal
666,14,Burkina24,Force et courage.,normal
375,1956,Radars Info Burkina,On est fatigué.,normal
106,806,RTB,C'est noté,normal
1026,364,BF1 TV,Propagande de bas étage.,toxic
534,1508,BF1 TV,Bravo pour votre travail.,normal
346,1731,Minute.bf,Vraiment triste,normal
938,1082,Sidwaya,Ils préparent quelque chose de grave.,misinfo
125,593,Radars Info Burkina,C'est la vérité,normal
740,659,Radars Info Burkina,C'est clair.,normal
1475,458,AIB,Partagez avant que ce soit supprimé !,misinfo
560,617,AIB,Important à savoir,normal
744,248,Sidwaya,Prompt rétablissement,normal
110,1457,Sidwaya,Du courage,normal
589,885,Radars Info Burkina,Bien dit,normal
426,1979,RTB,Elle n'a pas froid aux yeux.,adult
973,1009,AIB,On attend la suite,normal
1258,1695,Radars Info Burkina,"Merci, force à vous",normal
1486,1837,Libre Info,Bonne nouvelle,normal
57,1081,RTB,Vraiment triste,normal
962,899,Burkina24,C'est un [insulte ethnique],hateful
771,448,Radars Info Burkina,Vraiment ?,normal
382,1181,Libre Info,Je suis de tout cœur avec vous.,normal
967,1802,AIB,Prompt rétablissement au blessé.,normal
1495,1842,AIB,Force à nos FDS,normal
1242,274,Parlons de Tout,Paix à son âme,normal
929,1586,RTB,Information bien reçue,normal
755,584,Minute.bf,Dieu est grand.,normal
805,1212,Minute.bf,On prie pour le pays.,normal
1024,124,Radars Info Burkina,C'est exactement ça le problème.,normal
1352,888,AIB,Il faut prier,normal
582,141,RTB,Journaliste corrompu,toxic
1345,187,Parlons de Tout,Félicitations,normal
83,1706,Minute.bf,Merci pour l'effort d'information,normal
1496,331,Radars Info Burkina,C'est un complot du gouvernement,misinfo
1265,531,Libre Info,C'est clair.,normal
885,953,Burkina24,Que Dieu nous aide,normal
1395,1884,Libre Info,N'importe quoi ! Vous mentez !,toxic
1503,96,AIB,Merci pour l'info,normal
294,1846,Radars Info Burkina,Félicitations,normal
1297,1909,Radars Info Burkina,Félicitations à lui/elle.,normal
1047,786,Parlons de Tout,C'est la vie.,normal
1148,390,Libre Info,Intéressant.,normal
51,146,Minute.bf,On espère que ça va aller,normal
99,1174,Libre Info,Dieu est grand.,normal
523,944,Sidwaya,"Merci, force à vous",normal
1457,1032,AIB,Merci pour la précision.,normal
475,1941,Minute.bf,Je suis d'accord.,normal
1470,833,BF1 TV,Le peuple souffre.,normal
741,659,Radars Info Burkina,OK merci,normal
713,639,Libre Info,Source : un ami bien placé au gouvernement.,misinfo
969,1738,Burkina24,Force et courage.,normal
175,855,BF1 TV,Quelle honte,toxic
1128,861,Minute.bf,Félicitations à lui/elle.,normal
449,350,BF1 TV,Très bonne analyse.,normal
829,1497,BF1 TV,C'est la vérité,normal
1393,1884,Libre Info,Rien à ajouter.,normal
203,1143,Parlons de Tout,Bonne nouvelle,normal
260,582,BF1 TV,Rien à ajouter.,normal
726,1261,Parlons de Tout,C'est la vie.,normal
329,1373,RTB,Très bonne analyse.,normal
1364,816,Burkina24,Enfin une bonne nouvelle !,normal
1290,106,Minute.bf,Prompt rétablissement,normal
1166,279,RTB,Très bonne analyse.,normal
1403,40,Burkina24,Merci pour l'info,normal
665,14,Burkina24,C'est noté,normal
1380,1740,Libre Info,On prie pour le pays.,normal
976,1085,Parlons de Tout,OK merci,normal
570,1728,Libre Info,OK merci,normal
511,699,Libre Info,On ne veut plus de ces gens-là.,hateful
248,1708,Minute.bf,Bien dit,normal
1280,19,RTB,Source ?,normal
1046,786,Parlons de Tout,Le peuple souffre.,normal
1200,286,Minute.bf,Triste nouvelle,normal
920,759,Radars Info Burkina,C'est noté,normal
715,639,Libre Info,OK merci,normal
528,239,Parlons de Tout,Je veux son numéro,adult
888,953,Burkina24,Intéressant.,normal
451,350,BF1 TV,Il faut que les gens comprennent.,normal
196,171,Libre Info,Intéressant.,normal
401,1426,Parlons de Tout,On attend la suite,normal
1199,286,Minute.bf,Prompt rétablissement,normal
1300,122,Sidwaya,Félicitations,normal
1103,477,BF1 TV,Que Dieu nous aide,normal
533,1508,BF1 TV,Intéressant.,normal
1328,1289,Parlons de Tout,Bonne continuation,normal
1208,1499,Minute.bf,Je suis de tout cœur avec vous.,normal
1353,888,AIB,Rien à ajouter.,normal
667,14,Burkina24,C'est clair.,normal
1377,643,Radars Info Burkina,Vraiment triste,normal
1456,1880,Parlons de Tout,Félicitations,normal
982,1559,AIB,Force et courage.,normal
698,371,Sidwaya,C'est noté,normal
443,1510,Libre Info,Félicitations,normal
841,878,Burkina24,Quelle est cette façon de s'habiller ?,adult
365,374,Burkina24,Il faut prier,normal
865,1002,Burkina24,Qu'ils retournent d'où ils viennent.,hateful
890,1945,BF1 TV,Bonne continuation,normal
1170,1467,AIB,Le vaccin tue les gens,misinfo
1193,1847,Sidwaya,Que Dieu nous aide,normal
149,118,Parlons de Tout,Exactement.,normal
1029,1195,Sidwaya,Que la paix revienne.,normal
902,1472,Libre Info,OK merci,normal
37,1772,Parlons de Tout,C'est compliqué,normal
103,1636,RTB,Qu'ils partent !,hateful
1057,409,AIB,Vraiment ?,normal
1025,124,Radars Info Burkina,Vraiment triste,normal
1271,86,Sidwaya,On suit la situation de près.,normal
1097,71,Radars Info Burkina,C'est la vie.,normal
204,1595,BF1 TV,Que Dieu nous aide,normal
797,1498,Burkina24,OK merci,normal
642,1881,Minute.bf,Félicitations,normal
638,335,Radars Info Burkina,C'est noté,normal
622,230,BF1 TV,Merci pour cet éclaircissement.,normal
981,152,Radars Info Burkina,On attend la suite,normal
1005,1423,Minute.bf,OK merci,normal
393,1439,RTB,Vraiment ?,normal
356,1321,RTB,C'est une triste réalité.,normal
479,574,Radars Info Burkina,On attend de voir la suite.,normal
1363,816,Burkina24,Du courage,normal
455,1489,Radars Info Burkina,OK merci,normal
551,1068,Sidwaya,On attend de voir la suite.,normal
1302,1581,Sidwaya,"Merci, force à vous",normal
370,1482,BF1 TV,On espère que ça va aller,normal
661,688,Parlons de Tout,On suit la situation de près.,normal
1441,1650,Minute.bf,Dieu est grand.,normal
1451,1954,Minute.bf,Il faut leur régler leur compte.,hateful
576,436,Libre Info,On suit la situation de près.,normal
191,868,Sidwaya,Vous êtes payés pour mentir.,toxic
464,240,RTB,Merci pour la précision.,normal
395,1439,RTB,Vous n'avez honte ?,toxic
616,1751,Parlons de Tout,Enfin une bonne nouvelle !,normal
385,1017,Parlons de Tout,Information bien reçue,normal
773,1046,Libre Info,Merci pour l'info,normal
1392,665,Parlons de Tout,Il faut que les gens comprennent.,normal
734,45,Sidwaya,Information reçue 5/5.,normal
679,341,Burkina24,C'est exactement ça le problème.,normal
1053,409,AIB,Très bonne analyse.,normal
195,868,Sidwaya,Merci beaucoup pour l'information.,normal
291,1846,Radars Info Burkina,C'est un montage,misinfo
749,615,Radars Info Burkina,Le peuple souffre.,normal
1318,1545,Minute.bf,Tout est orchestré par [pays].,misinfo
1095,1378,BF1 TV,Elle cherche quoi habillée comme ça,adult
1228,1673,Minute.bf,Prompt rétablissement,normal
941,704,BF1 TV,J'aimerais être à la place du gars.,adult
1157,1312,AIB,Ce journaliste est un plaisantin.,toxic
488,770,Minute.bf,On espère que ça va aller,normal
311,1687,Radars Info Burkina,Je suis de tout cœur avec vous.,normal
1248,1896,Sidwaya,Elle n'a pas froid aux yeux.,adult
806,1212,Minute.bf,"Merci, force à vous",normal
1211,117,Libre Info,Paix à son âme,normal
77,1007,Sidwaya,Je suis d'accord.,normal
1028,1195,Sidwaya,C'est une triste réalité.,normal
288,629,AIB,C'est la vérité,normal
387,732,Radars Info Burkina,Elle est bonne,adult
1093,1378,BF1 TV,C'est compliqué,normal
1261,73,Radars Info Burkina,Dieu est grand.,normal
154,1207,RTB,Retournez chez vous,hateful
1266,531,Libre Info,Encore un article pour endormir le peuple.,toxic
882,1437,Libre Info,Vraiment ?,normal
331,920,Minute.bf,Bravo pour votre travail.,normal
907,869,BF1 TV,Enfin une bonne nouvelle !,normal
628,1936,Minute.bf,"Ce n'est pas un vaccin, c'est du poison.",misinfo
229,771,AIB,Information reçue 5/5.,normal
1138,1792,Parlons de Tout,C'est la vie.,normal
595,746,Libre Info,Bonne nouvelle,normal
1269,685,Burkina24,"Très belle femme, je la veux.",adult
369,747,Burkina24,Prompt rétablissement au blessé.,normal
1219,1669,Minute.bf,On est fatigué.,normal
983,1559,AIB,Paix à son âme,normal
1394,1884,Libre Info,Le peuple souffre.,normal
694,371,Sidwaya,Très bonne analyse.,normal
480,214,Libre Info,Prompt rétablissement,normal
335,920,Minute.bf,Bonne nouvelle,normal
456,1489,Radars Info Burkina,Force et courage.,normal
1099,1735,Burkina24,Ce sont des traîtres.,hateful
29,1550,Sidwaya,C'est clair.,normal
686,404,Burkina24,Merci pour l'effort d'information,normal
1329,1289,Parlons de Tout,Il faut prier,normal
731,401,Libre Info,"Merci, force à vous",normal
743,659,Radars Info Burkina,Rien à ajouter.,normal
707,751,Burkina24,Information reçue 5/5.,normal
9,508,Radars Info Burkina,Que la paix revienne.,normal
724,427,Libre Info,Merci pour cet éclaircissement.,normal
564,617,AIB,Du courage à nos FDS.,normal
1162,821,Radars Info Burkina,Le peuple souffre.,normal
846,471,Minute.bf,Encore une manipulation de [pays étranger].,misinfo
307,1789,AIB,Dieu est grand.,normal
22,143,Radars Info Burkina,Quelle honte,toxic
15,311,RTB,Force à nos FDS,normal
504,965,Burkina24,Très bonne analyse.,normal
192,868,Sidwaya,Félicitations à lui/elle.,normal
472,533,Sidwaya,Information bien reçue,normal
263,1664,Sidwaya,On est fatigué.,normal
378,1181,Libre Info,Merci pour le partage,normal
1230,1673,Minute.bf,"Ouvrez les yeux, on vous manipule.",misinfo
1084,1570,BF1 TV,Que la paix revienne.,normal
347,1246,Burkina24,Quelle est cette façon de s'habiller ?,adult
215,1913,Parlons de Tout,Vraiment triste,normal
93,1465,Parlons de Tout,Punition pour eux,hateful
934,228,Radars Info Burkina,"Merci, force à vous",normal
900,722,Burkina24,Merci pour le partage,normal
461,240,RTB,Merci pour l'info,normal
1135,858,Minute.bf,Merci pour cet éclaircissement.,normal
141,1894,Burkina24,Bravo pour votre travail.,normal
1159,1312,AIB,C'est exactement ça le problème.,normal
496,834,BF1 TV,Bravo pour votre travail.,normal
506,965,Burkina24,On suit la situation de près.,normal
39,1772,Parlons de Tout,Merci pour la précision.,normal
1040,231,Libre Info,On espère que ça va aller,normal
716,650,Burkina24,Vidéos X ?,adult
226,1853,Minute.bf,On espère que ça va aller,normal
424,389,Minute.bf,Je suis de tout cœur avec vous.,normal
163,80,Radars Info Burkina,Nous suivons de près,normal
1372,1692,AIB,Intéressant.,normal
36,1772,Parlons de Tout,Triste nouvelle,normal
1405,1168,AIB,Encore une manipulation de [pays étranger].,misinfo
292,1846,Radars Info Burkina,C'est la vie.,normal
1014,1291,Sidwaya,Le peuple souffre.,normal
470,1546,Minute.bf,On attend de voir la suite.,normal
339,892,RTB,Merci beaucoup pour l'information.,normal
185,192,Libre Info,Ce pays est foutu.,toxic
345,66,Minute.bf,Qu'ils retournent d'où ils viennent.,hateful
796,491,Radars Info Burkina,Menteurs !,toxic
1058,358,AIB,Information reçue 5/5.,normal
56,1081,RTB,Bonne continuation,normal
610,813,Parlons de Tout,Quelle honte,toxic
42,912,Libre Info,On est fatigué.,normal
1487,1837,Libre Info,Important à savoir,normal
529,239,Parlons de Tout,Menteurs !,toxic
484,640,AIB,Paix à son âme,normal
1218,1669,Minute.bf,Intéressant.,normal
905,1587,AIB,Félicitations,normal
420,389,Minute.bf,Triste nouvelle,normal
1227,416,Burkina24,Ils ne sont pas de vrais Burkinabè.,hateful
531,1097,Sidwaya,On doit les chasser,hateful
514,1710,Burkina24,On veut la paix.,normal
428,926,Radars Info Burkina,C'est compliqué,normal
922,759,Radars Info Burkina,Merci pour la précision.,normal
691,76,BF1 TV,C'est exactement ça le problème.,normal
1198,286,Minute.bf,Merci pour le partage,normal
730,401,Libre Info,C'est une triste réalité.,normal
623,112,Radars Info Burkina,Paix au Burkina Faso,normal
123,164,Parlons de Tout,Merci pour cet éclaircissement.,normal
216,1913,Parlons de Tout,On suit la situation de près.,normal
1356,1529,BF1 TV,Du courage,normal
909,869,BF1 TV,Bonne nouvelle,normal
120,164,Parlons de Tout,Menteurs !,toxic
224,1963,Libre Info,Elle cherche quoi habillée comme ça,adult
108,1457,Sidwaya,Que Dieu protège le Faso.,normal
1184,791,Parlons de Tout,Bonne continuation,normal
1003,1423,Minute.bf,Merci pour l'info,normal
645,901,AIB,Je suis d'accord.,normal
278,971,BF1 TV,Merci pour l'effort d'information,normal
979,217,Sidwaya,Que Dieu protège le Faso.,normal
198,1332,Parlons de Tout,C'est la vie.,normal
704,751,Burkina24,C'est la vie.,normal
928,1586,RTB,OK merci,normal
1070,133,Burkina24,C'est la vérité,normal
578,436,Libre Info,OK merci,normal
168,1521,Burkina24,Enfin une bonne nouvelle !,normal
1435,287,Sidwaya,Il faut les tuer,hateful
404,1937,BF1 TV,Force à nos FDS,normal
562,617,AIB,On attend la suite,normal
527,239,Parlons de Tout,Vraiment triste,normal
1283,19,RTB,"Merci, force à vous",normal
984,1559,AIB,Merci pour le partage,normal
703,1653,Libre Info,Merci pour la précision.,normal
148,1330,Sidwaya,Que Dieu bénisse le Burkina Faso,normal
435,1297,Parlons de Tout,Prompt rétablissement,normal
844,289,Sidwaya,On ne veut pas de ces [insulte].,hateful
1342,187,Parlons de Tout,"Je ne savais pas, merci.",normal
544,1507,Minute.bf,J'aime ce que je vois.,adult
1299,1488,AIB,C'est noté,normal
914,276,Sidwaya,Merci pour l'effort d'information,normal
1212,117,Libre Info,Que Dieu bénisse le Burkina Faso,normal
669,37,BF1 TV,Incapable !,toxic
1010,1803,BF1 TV,Bien dit,normal
1141,1792,Parlons de Tout,C'est exactement ça le problème.,normal
68,1561,Sidwaya,C'est la vérité,normal
842,878,Burkina24,On est fatigué.,normal
1067,133,Burkina24,Prompt rétablissement,normal
129,1986,Radars Info Burkina,Il faut prier,normal
632,1727,Radars Info Burkina,Il faut les chasser du pays.,hateful
507,965,Burkina24,Félicitations,normal
600,375,Sidwaya,Du courage à nos FDS.,normal
830,1497,BF1 TV,Merci pour le partage,normal
408,1937,BF1 TV,Bravo pour votre travail.,normal
784,1150,Libre Info,Très bonne analyse.,normal
284,1090,AIB,Vraiment ? C'est une bonne nouvelle.,normal
886,953,Burkina24,Ils nous cachent le vrai bilan.,misinfo
85,1404,Minute.bf,Prompt rétablissement au blessé.,normal
113,1369,AIB,Bravo pour votre travail.,normal
150,118,Parlons de Tout,Intéressant.,normal
1492,1643,Minute.bf,Que Dieu nous aide,normal
556,367,Parlons de Tout,On prie pour le pays.,normal
17,1575,Burkina24,Le peuple souffre.,normal
277,971,BF1 TV,Encore une manipulation de [pays étranger].,misinfo
1429,1401,BF1 TV,Rien à ajouter.,normal
109,1457,Sidwaya,Quelle est cette façon de s'habiller ?,adult
1187,554,Minute.bf,Important à savoir,normal
1155,1873,Libre Info,On attend la suite,normal
603,1302,Minute.bf,Gouvernement de merde,toxic
1422,1108,AIB,C'est exactement ça le problème.,normal
725,1635,Radars Info Burkina,Félicitations à lui/elle.,normal
100,1174,Libre Info,On attend de voir la suite.,normal
910,869,BF1 TV,C'est l'Occident qui est derrière tout ça,misinfo
206,1595,BF1 TV,Source ?,normal
1397,280,AIB,On attend la suite,normal
1378,643,Radars Info Burkina,C'est faux ! Mon cousin qui est là-bas a dit le contraire.,misinfo
72,301,RTB,Merci pour la précision.,normal
1027,364,BF1 TV,Prompt rétablissement au blessé.,normal
1090,1229,BF1 TV,On attend de voir la suite.,normal
98,1174,Libre Info,On suit la situation de près.,normal
1285,347,Minute.bf,C'est la vérité,normal
1455,1880,Parlons de Tout,Vraiment ?,normal
46,1450,Minute.bf,Force et courage.,normal
97,1174,Libre Info,Je suis de tout cœur avec vous.,normal
547,91,Radars Info Burkina,"Ce n'est pas un vaccin, c'est du poison.",misinfo
144,865,RTB,Que Dieu nous aide,normal
275,451,Radars Info Burkina,On s'en fout de votre avis.,toxic
221,379,Minute.bf,On prie pour le pays.,normal
227,1853,Minute.bf,Que Dieu protège le Faso.,normal
780,898,BF1 TV,Vraiment triste,normal
298,204,Burkina24,Merci pour le partage,normal
994,1000,RTB,Que Dieu bénisse le Burkina Faso,normal
561,617,AIB,Merci pour le partage,normal
809,1688,Radars Info Burkina,Rien à ajouter.,normal
489,770,Minute.bf,Arrêtez d'intoxiquer le peuple,misinfo
1483,229,Sidwaya,Du courage,normal
1171,1467,AIB,Je suis de tout cœur avec vous.,normal
416,1797,Minute.bf,C'est la vérité,normal
1074,1142,Libre Info,C'est noté,normal
80,200,Minute.bf,Triste nouvelle,normal
517,1710,Burkina24,Ce sont des traîtres.,hateful
655,1553,Minute.bf,Quelle belle [partie du corps],adult
427,926,Radars Info Burkina,Paix au Burkina Faso,normal
183,192,Libre Info,Regarde ses fesses,adult
535,1508,BF1 TV,Paix à son âme,normal
1229,1673,Minute.bf,Merci pour le partage,normal
670,37,BF1 TV,Merci pour l'info,normal
1007,1850,Sidwaya,Rien à ajouter.,normal
1350,888,AIB,Nous suivons de près,normal
1056,409,AIB,Merci pour cet éclaircissement.,normal
894,1541,BF1 TV,Source ?,normal
1268,685,Burkina24,Bonne nouvelle,normal
583,141,RTB,Fake news,misinfo
162,80,Radars Info Burkina,Force et courage.,normal
422,389,Minute.bf,Très bonne analyse.,normal
1442,1222,Libre Info,Vraiment ?,normal
633,1812,Libre Info,Vraiment ?,normal
1267,531,Libre Info,Tout est orchestré par [pays].,misinfo
1033,245,Libre Info,Vraiment ?,normal
446,72,RTB,On prie pour le pays.,normal
793,491,Radars Info Burkina,Retournez chez vous,hateful
906,1587,AIB,À bas les [groupe].,hateful
139,1894,Burkina24,Que Dieu protège le Faso.,normal
933,228,Radars Info Burkina,Merci beaucoup pour l'information.,normal
795,491,Radars Info Burkina,Prompt rétablissement au blessé.,normal
776,1800,RTB,On attend de voir la suite.,normal
165,1521,Burkina24,Paix au Burkina Faso,normal
1088,925,AIB,C'est la vérité,normal
596,746,Libre Info,Il faut prier,normal
91,28,Minute.bf,Menteurs !,toxic
508,699,Libre Info,Paix à son âme,normal
1431,1716,Minute.bf,"Je ne savais pas, merci.",normal
312,1687,Radars Info Burkina,Il faut prier,normal
18,1575,Burkina24,Source ?,normal
1153,994,Radars Info Burkina,On suit la situation de près.,normal
1049,182,Radars Info Burkina,Bravo pour votre travail.,normal
324,163,Minute.bf,Rien à ajouter.,normal
1195,1847,Sidwaya,Il faut prier,normal
1288,347,Minute.bf,Montre plus !,adult
1436,287,Sidwaya,Que Dieu nous aide,normal
438,1345,Burkina24,Force et courage.,normal
706,751,Burkina24,Que Dieu protège le Faso.,normal
876,120,Parlons de Tout,Dieu est grand.,normal
944,704,BF1 TV,Du courage à nos FDS.,normal
1100,1735,Burkina24,Très bonne analyse.,normal
336,340,Minute.bf,Information bien reçue,normal
536,1691,Minute.bf,Très bonne analyse.,normal
1154,1873,Libre Info,Paix au Burkina Faso,normal
65,1835,Burkina24,Source ?,normal
1348,1057,Radars Info Burkina,C'est l'Occident qui est derrière tout ça,misinfo
831,1245,Minute.bf,Il faut les brûler,hateful
974,1009,AIB,Quelle est cette façon de s'habiller ?,adult
924,70,Radars Info Burkina,"La vidéo est truquée, c'est visible.",misinfo
1177,1807,Libre Info,Il faut que les gens comprennent.,normal
202,1143,Parlons de Tout,Arrêtez d'intoxiquer le peuple,misinfo
1314,1897,Libre Info,Il faut prier,normal
1121,1019,Parlons de Tout,Merci beaucoup pour l'information.,normal
133,109,Sidwaya,Vraiment ?,normal
11,508,Radars Info Burkina,"Je ne savais pas, merci.",normal
990,12,Parlons de Tout,Force à nos FDS,normal
1330,1289,Parlons de Tout,Vraiment triste,normal
164,1521,Burkina24,Du courage,normal
380,1181,Libre Info,Merci pour la précision.,normal
821,1152,Parlons de Tout,Bravo pour votre travail.,normal
247,1708,Minute.bf,On prie pour le pays.,normal
304,399,Radars Info Burkina,OK merci,normal
434,1297,Parlons de Tout,Prompt rétablissement,normal
1460,431,Parlons de Tout,"Merci, force à vous",normal
111,1369,AIB,Merci pour cet éclaircissement.,normal
1023,638,RTB,Que Dieu protège le Faso.,normal
258,582,BF1 TV,C'est noté,normal
268,1911,Radars Info Burkina,C'est la vérité,normal
896,1541,BF1 TV,Bonne nouvelle,normal
374,1956,Radars Info Burkina,C'est la vérité,normal
283,1090,AIB,On espère que ça va aller,normal
838,1761,BF1 TV,On ne veut pas de ces [insulte].,hateful
1493,1643,Minute.bf,On veut la paix.,normal
58,1081,RTB,Félicitations à lui/elle.,normal
279,971,BF1 TV,C'est la vie.,normal
468,1546,Minute.bf,Enfin une bonne nouvelle !,normal
394,1439,RTB,Que Dieu nous aide,normal
1213,117,Libre Info,On est fatigué.,normal
95,1465,Parlons de Tout,C'est clair.,normal
1339,385,Minute.bf,Bien dit,normal
1307,632,Burkina24,Du courage,normal
361,682,AIB,Source ?,normal
1349,797,Libre Info,Analyse très pertinente.,normal
235,607,Minute.bf,Vraiment ? C'est une bonne nouvelle.,normal
571,1728,Libre Info,C'est compliqué,normal
624,112,Radars Info Burkina,Prompt rétablissement au blessé.,normal
1161,821,Radars Info Burkina,Rien à ajouter.,normal
840,878,Burkina24,Intéressant.,normal
402,1426,Parlons de Tout,"Merci, force à vous",normal
338,892,RTB,Rien à ajouter.,normal
710,393,Radars Info Burkina,On est fatigué.,normal
1151,1742,Burkina24,Bien dit,normal
1360,5,Minute.bf,Très bonne analyse.,normal
769,448,Radars Info Burkina,Information bien reçue,normal
90,28,Minute.bf,Force et courage.,normal
303,399,Radars Info Burkina,Force à nos FDS,normal
968,1802,AIB,Enfin une bonne nouvelle !,normal
643,1881,Minute.bf,Merci beaucoup pour l'information.,normal
1443,969,Minute.bf,Félicitations,normal
1083,1570,BF1 TV,Analyse très pertinente.,normal
695,371,Sidwaya,Prompt rétablissement au blessé.,normal
548,598,Radars Info Burkina,La terre est plate,misinfo
463,240,RTB,Félicitations à lui/elle.,normal
153,118,Parlons de Tout,"Merci, force à vous",normal
32,1438,Minute.bf,Que Dieu bénisse le Burkina Faso,normal
521,944,Sidwaya,Vraiment triste,normal
24,1209,Burkina24,Bonne nouvelle,normal
1235,1895,AIB,C'est clair.,normal
540,1691,Minute.bf,Que la paix revienne.,normal
1062,1582,Libre Info,Elle est où la vidéo complète ?,adult
915,276,Sidwaya,C'est un montage,misinfo
1425,309,RTB,Exactement.,normal
305,399,Radars Info Burkina,Paix au Burkina Faso,normal
1220,1832,Libre Info,Le peuple souffre.,normal
1225,416,Burkina24,Je suis d'accord.,normal
550,1068,Sidwaya,Propagande de bas étage.,toxic
919,759,Radars Info Burkina,Bien dit,normal
878,1774,Radars Info Burkina,Qu'ils retournent d'où ils viennent.,hateful
137,1852,AIB,Vraiment triste,normal
453,1489,Radars Info Burkina,Montre plus !,adult
738,1515,Libre Info,Prompt rétablissement,normal
509,699,Libre Info,Merci pour le partage,normal
1416,624,Radars Info Burkina,Merci pour l'effort d'information,normal
1336,776,Sidwaya,"Très belle femme, je la veux.",adult
1355,1529,BF1 TV,Nous suivons de près,normal
323,163,Minute.bf,Bonne nouvelle,normal
1163,821,Radars Info Burkina,Bonne continuation,normal
719,650,Burkina24,Très bonne analyse.,normal
400,1426,Parlons de Tout,On veut la paix.,normal
1181,1807,Libre Info,Merci pour l'effort d'information,normal
899,722,Burkina24,C'est un idiot,toxic
376,1956,Radars Info Burkina,C'est une triste réalité.,normal
648,1239,RTB,Rien à ajouter.,normal
1096,71,Radars Info Burkina,On espère que ça va aller,normal
1301,122,Sidwaya,Information reçue 5/5.,normal
274,451,Radars Info Burkina,Enfin une bonne nouvelle !,normal
28,1550,Sidwaya,On est fatigué.,normal
399,1770,Minute.bf,Information bien reçue,normal
1066,133,Burkina24,C'est compliqué,normal
454,1489,Radars Info Burkina,C'est clair.,normal
358,75,Minute.bf,Paix au Burkina Faso,normal
421,389,Minute.bf,Quelle incompétence.,toxic
739,1515,Libre Info,Vraiment ?,normal
1494,195,Libre Info,On espère que ça va aller,normal
60,1241,Sidwaya,"La vidéo est truquée, c'est visible.",misinfo
471,533,Sidwaya,Source ?,normal
785,1150,Libre Info,Exactement.,normal
1358,1529,BF1 TV,Je suis d'accord.,normal
861,1136,Parlons de Tout,Merci pour l'info,normal
13,1647,AIB,"Merci, force à vous",normal
863,1002,Burkina24,OK merci,normal
245,479,AIB,À bas les [groupe].,hateful
476,1941,Minute.bf,Elle est bonne,adult
1063,1582,Libre Info,J'aime ce que je vois.,adult
1274,1632,Sidwaya,On veut la paix.,normal
1369,1311,RTB,Merci pour la précision.,normal
237,607,Minute.bf,Important à savoir,normal
1337,385,Minute.bf,C'est l'Occident qui est derrière tout ça,misinfo
112,1369,AIB,C'est noté,normal
1238,877,Radars Info Burkina,Intéressant.,normal
674,927,Libre Info,On est fatigué.,normal
827,1396,Sidwaya,Que Dieu nous aide,normal
772,448,Radars Info Burkina,Intéressant.,normal
135,1852,AIB,On espère que ça va aller,normal
293,1846,Radars Info Burkina,Force à nos FDS,normal
579,787,AIB,On attend de voir la suite.,normal
492,1676,BF1 TV,Dieu est grand.,normal
414,730,Radars Info Burkina,Vraiment triste,normal
625,112,Radars Info Burkina,On en a marre de vos mensonges,toxic
1482,229,Sidwaya,Félicitations à lui/elle.,normal
815,1444,Libre Info,Félicitations,normal
452,350,BF1 TV,"Eux tous, il faut les dégager.",hateful
541,1507,Minute.bf,Très bonne analyse.,normal
630,1727,Radars Info Burkina,Très bonne analyse.,normal
607,181,AIB,Allez vous faire voir.,toxic
1433,1716,Minute.bf,Le peuple souffre.,normal
50,334,RTB,Gouvernement de merde,toxic
1164,1455,Radars Info Burkina,C'est exactement ça le problème.,normal
1035,245,Libre Info,C'est exactement ça le problème.,normal
1371,1692,AIB,Que Dieu nous aide,normal
1239,1335,Parlons de Tout,Félicitations,normal
442,1510,Libre Info,Triste nouvelle,normal
1383,1156,Minute.bf,C'est compliqué,normal
676,927,Libre Info,On prie pour le pays.,normal
1370,1311,RTB,Rien à ajouter.,normal
334,920,Minute.bf,On ne veut pas de ces [insulte].,hateful
752,615,Radars Info Burkina,Important à savoir,normal
988,12,Parlons de Tout,"Très belle femme, je la veux.",adult
173,855,BF1 TV,Prompt rétablissement,normal
1399,280,AIB,Toujours les mêmes mensonges.,toxic
280,971,BF1 TV,Rien à ajouter.,normal
1189,1753,Minute.bf,Exactement.,normal
1366,1607,RTB,Paix au Burkina Faso,normal
999,945,Radars Info Burkina,Du courage à nos FDS.,normal
1253,1270,AIB,Très bonne analyse.,normal
904,721,Minute.bf,Que Dieu bénisse le Burkina Faso,normal
485,640,AIB,"Merci, force à vous",normal
727,1261,Parlons de Tout,Haine à ce groupe,hateful
1414,412,AIB,C'est un complot du gouvernement,misinfo
712,393,Radars Info Burkina,On ne veut pas de vous ici,hateful
1437,1259,Libre Info,Important à savoir,normal
1410,538,AIB,C'est à cause de [ethnie] tout ça,hateful
549,598,Radars Info Burkina,Analyse très pertinente.,normal
482,640,AIB,Dieu est grand.,normal
377,1956,Radars Info Burkina,Information bien reçue,normal
813,1688,Radars Info Burkina,"Eux tous, il faut les dégager.",hateful
1412,578,Minute.bf,Paix à son âme,normal
102,1636,RTB,Félicitations,normal
1111,1118,Burkina24,"Eux tous, il faut les dégager.",hateful
754,584,Minute.bf,Vraiment ? C'est une bonne nouvelle.,normal
217,1913,Parlons de Tout,Que la paix revienne.,normal
53,146,Minute.bf,C'est exactement ça le problème.,normal
124,593,Radars Info Burkina,Ce journaliste est un plaisantin.,toxic
261,1664,Sidwaya,On prie pour le pays.,normal
236,607,Minute.bf,Force à nos FDS,normal
1320,1045,AIB,On espère que ça va aller,normal
6,1844,RTB,Quelle belle [partie du corps],adult
88,1404,Minute.bf,C'est exactement ça le problème.,normal
1087,1570,BF1 TV,On suit la situation de près.,normal
675,927,Libre Info,Force à nos FDS,normal
145,865,RTB,Information reçue 5/5.,normal
832,1245,Minute.bf,Bonne continuation,normal
500,1486,RTB,C'est une triste réalité.,normal
1130,97,Minute.bf,Source ?,normal
1185,791,Parlons de Tout,Zéro crédibilité.,toxic
282,1090,AIB,Sale race,hateful
1474,859,RTB,Bien dit,normal
505,965,Burkina24,C'est compliqué,normal
355,1531,Parlons de Tout,On prie pour le pays.,normal
1357,1529,BF1 TV,Je suis d'accord.,normal
197,171,Libre Info,Quelle est cette façon de s'habiller ?,adult
469,1546,Minute.bf,Très bonne analyse.,normal
1312,1897,Libre Info,Merci pour l'effort d'information,normal
684,404,Burkina24,C'est la vie.,normal
634,1812,Libre Info,Je suis de tout cœur avec vous.,normal
855,1701,Sidwaya,"Le problème, ce sont les [groupe].",hateful
1214,514,Minute.bf,C'est une triste réalité.,normal
251,1026,Libre Info,On espère que ça va aller,normal
34,402,Sidwaya,OK merci,normal
1156,1873,Libre Info,On prie pour le pays.,normal
460,275,Minute.bf,Très bonne analyse.,normal
1273,86,Sidwaya,Ils ne sont pas de vrais Burkinabè.,hateful
753,615,Radars Info Burkina,Bonne continuation,normal
390,732,Radars Info Burkina,Paix au Burkina Faso,normal
1202,608,Minute.bf,Montre plus !,adult
330,1373,RTB,Ce n'est pas vrai,misinfo
360,75,Minute.bf,Bravo pour votre travail.,normal
1275,1632,Sidwaya,C'est une triste réalité.,normal
836,1761,BF1 TV,Je suis d'accord.,normal
316,1871,RTB,C'est à cause de [ethnie] tout ça,hateful
1259,1695,Radars Info Burkina,Source ?,normal
911,869,BF1 TV,Il faut prier,normal
722,427,Libre Info,Je suis de tout cœur avec vous.,normal
430,926,Radars Info Burkina,Il faut que les gens comprennent.,normal
1309,1031,Sidwaya,Sale race,hateful
1192,1753,Minute.bf,Prompt rétablissement au blessé.,normal
1323,1045,AIB,Je suis d'accord.,normal
458,275,Minute.bf,Que Dieu bénisse le Burkina Faso,normal
1409,1623,AIB,Il faut que les gens comprennent.,normal
1050,182,Radars Info Burkina,Dieu est grand.,normal
940,1440,BF1 TV,Propagande de bas étage.,toxic
40,912,Libre Info,Important à savoir,normal
87,1404,Minute.bf,Prompt rétablissement au blessé.,normal
1387,1858,Sidwaya,Dieu est grand.,normal
1246,572,Burkina24,Nous suivons de près,normal
1094,1378,BF1 TV,Prompt rétablissement au blessé.,normal
1136,858,Minute.bf,Très bonne analyse.,normal
1484,361,Sidwaya,OK merci,normal
136,1852,AIB,Que Dieu nous aide,normal
1264,159,Radars Info Burkina,Dieu est grand.,normal
965,1802,AIB,Vous ne servez à rien,toxic
1368,1607,RTB,Dieu est grand.,normal
1032,1287,Libre Info,"Merci, force à vous",normal
1449,1621,BF1 TV,On attend de voir la suite.,normal
717,650,Burkina24,Merci pour cet éclaircissement.,normal
808,1212,Minute.bf,Enfin une bonne nouvelle !,normal
436,1297,Parlons de Tout,Vraiment ?,normal
778,898,BF1 TV,Merci beaucoup pour l'information.,normal
1008,1850,Sidwaya,C'est noté,normal
1340,385,Minute.bf,Merci pour l'info,normal
870,441,RTB,Très bonne analyse.,normal
1446,1621,BF1 TV,Intéressant.,normal
158,1207,RTB,Du courage à nos FDS.,normal
1172,1467,AIB,OK merci,normal
1217,514,Minute.bf,C'est la vérité,normal
602,1302,Minute.bf,Qu'ils partent !,hateful
1311,326,AIB,Intéressant.,normal
852,637,AIB,Enfin une bonne nouvelle !,normal
687,76,BF1 TV,Trop sexy,adult
847,471,Minute.bf,C'est clair.,normal
672,37,BF1 TV,Prompt rétablissement au blessé.,normal
985,1559,AIB,Analyse très pertinente.,normal
264,1664,Sidwaya,C'est exactement ça le problème.,normal
160,80,Radars Info Burkina,C'est compliqué,normal
537,1691,Minute.bf,Vraiment ? C'est une bonne nouvelle.,normal
577,436,Libre Info,Mon oncle a dit que c'est faux,misinfo
977,1085,Parlons de Tout,On attend la suite,normal
1413,412,AIB,Information reçue 5/5.,normal
333,920,Minute.bf,Montre plus !,adult
729,1261,Parlons de Tout,Que la paix revienne.,normal
811,1688,Radars Info Burkina,Force et courage.,normal
966,1802,AIB,Journaliste alimentaire.,toxic
539,1691,Minute.bf,Que Dieu protège le Faso.,normal
901,1472,Libre Info,Force et courage.,normal
314,1517,Minute.bf,Je suis d'accord.,normal
837,1761,BF1 TV,Pas de pitié pour les [groupe].,hateful
101,1174,Libre Info,Source ?,normal
711,393,Radars Info Burkina,Du courage,normal
306,399,Radars Info Burkina,Prompt rétablissement au blessé.,normal
996,1099,Libre Info,Regarde ses fesses,adult
1222,1832,Libre Info,Bonne nouvelle,normal
1260,1695,Radars Info Burkina,Bien dit,normal
448,350,BF1 TV,Prompt rétablissement au blessé.,normal
1389,442,Burkina24,Source ?,normal
3,830,Burkina24,Triste nouvelle,normal
297,204,Burkina24,Que Dieu nous aide,normal
574,436,Libre Info,Je suis d'accord.,normal
1282,19,RTB,Dieu est grand.,normal
1061,1188,Minute.bf,Merci pour le partage,normal
709,1303,RTB,Prompt rétablissement au blessé.,normal
1169,1467,AIB,Il faut que les gens comprennent.,normal
898,722,Burkina24,C'est une triste réalité.,normal
733,401,Libre Info,Envoie la vidéo stp,adult
1203,608,Minute.bf,Du courage,normal
1016,1291,Sidwaya,Prompt rétablissement au blessé.,normal
1224,416,Burkina24,Félicitations,normal
937,1082,Sidwaya,On attend la suite,normal
417,313,Radars Info Burkina,Merci beaucoup pour l'information.,normal
948,889,Sidwaya,C'est la vérité,normal
67,1835,Burkina24,Enfin une bonne nouvelle !,normal
884,1437,Libre Info,Merci pour cet éclaircissement.,normal
1418,624,Radars Info Burkina,Enfin une bonne nouvelle !,normal
1420,624,Radars Info Burkina,Merci pour la précision.,normal
955,1931,Libre Info,Il faut que les gens comprennent.,normal
73,301,RTB,Rien à ajouter.,normal
1042,565,Minute.bf,Propagande de bas étage.,toxic
849,471,Minute.bf,Vraiment ?,normal
663,688,Parlons de Tout,On attend de voir la suite.,normal
211,475,BF1 TV,Vraiment ? C'est une bonne nouvelle.,normal
516,1710,Burkina24,Que Dieu nous aide,normal
1241,274,Parlons de Tout,On attend de voir la suite.,normal
1428,534,Minute.bf,Vraiment ?,normal
1015,1291,Sidwaya,Que Dieu protège le Faso.,normal
1206,1499,Minute.bf,Félicitations à lui/elle.,normal
131,1251,Libre Info,Du courage,normal
1468,1065,Parlons de Tout,C'est exactement ça le problème.,normal
213,1790,AIB,Information bien reçue,normal
954,1931,Libre Info,Foutaise,toxic
115,444,AIB,On prie pour le pays.,normal
74,1141,Radars Info Burkina,On est fatigué.,normal
615,1751,Parlons de Tout,Trop sexy,adult
1072,1142,Libre Info,Merci beaucoup pour l'information.,normal
270,52,Burkina24,Très bonne analyse.,normal
1256,1270,AIB,Important à savoir,normal
875,120,Parlons de Tout,Vous êtes tous des vendus !,toxic
373,829,BF1 TV,Ce sont des traîtres.,hateful
450,350,BF1 TV,Propagande,toxic
807,1212,Minute.bf,Information bien reçue,normal
1296,1909,Radars Info Burkina,Le peuple souffre.,normal
620,230,BF1 TV,Force et courage.,normal
132,109,Sidwaya,Que Dieu protège le Faso.,normal
803,1571,AIB,Dieu est grand.,normal
839,1761,BF1 TV,Source ?,normal
1485,361,Sidwaya,Quel pays de merde,toxic
1145,583,RTB,Tout est orchestré par [pays].,misinfo
609,813,Parlons de Tout,Elle est bonne,adult
1454,1880,Parlons de Tout,Que Dieu nous aide,normal
856,1522,Radars Info Burkina,Félicitations à lui/elle.,normal
1249,1651,Libre Info,On attend la suite,normal
519,1191,Radars Info Burkina,C'est la vie.,normal
1140,1792,Parlons de Tout,Rien à ajouter.,normal
1438,1259,Libre Info,C'est noté,normal
1004,1423,Minute.bf,Vous ne vérifiez jamais vos sources ?,toxic
134,109,Sidwaya,Vraiment ? C'est une bonne nouvelle.,normal
1188,554,Minute.bf,Prompt rétablissement au blessé.,normal
594,746,Libre Info,On espère que ça va aller,normal
783,1660,Burkina24,On doit les chasser,hateful
690,76,BF1 TV,Je suis de tout cœur avec vous.,normal
31,1438,Minute.bf,Vous ne vérifiez jamais vos sources ?,toxic
181,192,Libre Info,"On vous observe, bande de vauriens.",toxic
411,1525,BF1 TV,Zéro crédibilité.,toxic
397,1770,Minute.bf,C'est la vérité,normal
259,582,BF1 TV,On sait qui sont les complices.,hateful
825,1396,Sidwaya,On attend la suite,normal
79,1427,Burkina24,Nous suivons de près,normal
1326,1092,Parlons de Tout,C'est la vérité,normal
1134,1699,Libre Info,C'est exactement ça le problème.,normal
980,152,Radars Info Burkina,Triste nouvelle,normal
520,1191,Radars Info Burkina,Exactement.,normal
692,54,AIB,On s'en fout de votre avis.,toxic
654,1553,Minute.bf,Félicitations,normal
1019,6,Radars Info Burkina,Bonne continuation,normal
499,1486,RTB,Jolie forme,adult
1417,624,Radars Info Burkina,Bonne nouvelle,normal
478,1334,BF1 TV,On prie pour le pays.,normal
1432,1716,Minute.bf,Bien dit,normal
1064,93,AIB,Elle est bonne,adult
1319,986,RTB,Félicitations à lui/elle.,normal
942,704,BF1 TV,Arrêtez de nous distraire,toxic
1,830,Burkina24,On est fatigué.,normal
1310,326,AIB,On est fatigué.,normal
1082,1675,AIB,Je veux son numéro,adult
1325,1092,Parlons de Tout,Il faut prier,normal
851,637,AIB,Fake news,misinfo
1065,93,AIB,On prie pour le pays.,normal
244,479,AIB,Nous suivons de près,normal
823,750,Parlons de Tout,Que Dieu bénisse le Burkina Faso,normal
497,1486,RTB,Merci pour l'info,normal
169,1603,Parlons de Tout,Information bien reçue,normal
1351,888,AIB,Analyse très pertinente.,normal
680,341,Burkina24,Merci pour le partage,normal
234,607,Minute.bf,Prompt rétablissement,normal
760,9,Minute.bf,Que Dieu protège le Faso.,normal
621,230,BF1 TV,Merci beaucoup pour l'information.,normal
718,650,Burkina24,Que la paix revienne.,normal
991,12,Parlons de Tout,Ce n'est pas vrai,misinfo
678,927,Libre Info,Vidéos X ?,adult
1506,116,Burkina24,Information bien reçue,normal
366,374,Burkina24,"On vous observe, bande de vauriens.",toxic
869,678,Libre Info,Ils méritent ce qui leur arrive.,hateful
252,1026,Libre Info,Bonne nouvelle,normal
867,678,Libre Info,OK merci,normal
986,1780,Burkina24,Merci pour l'info,normal
